{"cameraMode":{"drawMode":0,"name":"Shaded","section":"Shading Mode"},"sceneLighting":false,"audioPlay":false,"sceneViewState":{"m_AlwaysRefresh":false,"showFog":true,"showSkybox":true,"showFlares":true,"showImageEffects":true,"showParticleSystems":true,"showVisualEffectGraphs":true,"m_FxEnabled":true},"in2DMode":false,"pivot":{"x":-185.59426879882813,"y":70.47618865966797,"z":2.5023465156555177},"rotation":{"x":0.02929566241800785,"y":0.7009096741676331,"z":-0.028409579768776895,"w":0.7124112248420715},"size":2.582487106323242,"orthographic":false}